﻿<?xml version="1.0"?>
<doc>
<assembly>
<name>
Cash Book
</name>
</assembly>
<members>
<member name="T:Cash_Book.My.Resources.Resources">
<summary>
  A strongly-typed resource class, for looking up localized strings, etc.
</summary>
</member>
<member name="P:Cash_Book.My.Resources.Resources.ResourceManager">
<summary>
  Returns the cached ResourceManager instance used by this class.
</summary>
</member>
<member name="P:Cash_Book.My.Resources.Resources.Culture">
<summary>
  Overrides the current thread's CurrentUICulture property for all
  resource lookups using this strongly typed resource class.
</summary>
</member>
<member name="M:Cash_Book.Util.loadPhoto">
 <summary>
 Opens a dialog box that let's the user select an image file
 </summary>
 <returns>An image object representing the image file selected</returns>
 <remarks></remarks>
</member>
</members>
</doc>
